{"rotation": [0.7071067811865477, 0.7071067811865475, 0.0, 0.0], "translation": [1.0, 0.0, 0.0], "scale": 1.0}